{
    "npwu-crowd": {
        "mean": [0.446139603853, 0.409515678883, 0.395083993673, 0.6554020047187805],
        "std": [0.288205742836, 0.278144598007, 0.283502370119, 0.2627387046813965]
    },
    "qnrf": {
        "mean": [0.413525998592, 0.378520160913, 0.371616870165, 0.630383312702179],
        "std":  [0.284849464893, 0.277046442032, 0.281509846449, 0.29250073432922363]
    },
    "shhb": {
        "mean": [0.452016860247, 0.447249650955, 0.431981861591, 0.6579986810684204],
        "std":  [0.23242045939, 0.224925786257, 0.221840232611, 0.35603079199790955]
    },
    "shha": {
        "mean": [0.410824894905, 0.370634973049, 0.359682112932, 0.6381561160087585],
        "std":  [0.278580576181, 0.26925137639, 0.27156367898, 0.3060324788093567]
    },
    "ucc-cf-50": {
        "mean": [0.403584420681,0.403584420681,0.403584420681, 0.6346110105514526],
        "std":  [0.268462955952,0.268462955952,0.268462955952, 0.29451248049736023]
    },
    "jhu-crowd": {
        "mean": [0.434370249509811, 0.397644867499669, 0.389264871676763, 0.6232629418373108],
        "std": [0.287642270326614, 0.280009915431341, 0.284555246432622, 0.24945921450853348]
    }
}
